append-row.toml	1789663790	7c24ed91b87199fb385ecfffc2b29651739d894a
assess.toml	1789593918	1a7e0fd8fd32e050555c3f2d600deca2b7ad2ff0
chat.toml	1790617065	6a29e6ae95b7614ae17992c6fa8895ee86b5af28
code.toml	1789437821	6c11f28e8cb654a1f5e68e6681c7689b0ce2ef0a
comments-only.toml	1789437821	e43b911371e1c4ac8467a3d51eb7dbbc67b988ea
concierge.toml	1789661396	f65ccd9d6371d30842d3d8109994726513b38558
deploy-command.toml	1789573891	7eeb8570806de2be39591c7644cdacb65491c0cf
deploy-command.toml	1789574331	f6b5eeeae7c8dad3df31363ffa68f857cc30cad0
deploy-command.toml	1789580639	eefaa2a3d0a7911961ab187999add6457e5b87fd
deploy-command.toml	1790598996	06b71b5240067da23d578b01a1ba16e4423848dc
deploy-look.toml	1789657837	7911203917a592e368ebbb4403c4dbcdf4ffe3a4
deploy-self.toml	1790021018	41e4eb5c8f533df363f851f675c7c7eca069af65
deploy-self.toml	1790092381	8e7576354f0afc5d1fc00704cc21d536f96b8f7d
deploy-self.toml	1790094958	08d7004bce7a71f182aa6af4a59cdd81dd0f34e5
deploy-self.toml	1790399805	ca9ab476ed138cd8ea8dd86bb0fda3e5914355a0
deploy-self.toml	1790472489	ea490f80c2e1a2a04c44f9eba4d34290661bafbd
deploy-self.toml	1790589439	920c856ca8ddc0478efa975c85fb93326ae90d1d
deploy-self.toml	1790590290	56a693815cc34a5543ec3997f9a34fa5bc0ee9e4
deploy-self.toml	1790598559	355320ab9c9c16c97d828fa655efc3329ad9bddb
deploy-self.toml	1790601414	8f060376c91798b6ff22737ea88ba398f08c54f2
deploy-self.toml	1790607411	b331392c7d6665dbc0ea42305159647f99da8a66
deploy-smoke.toml	1789581886	727e276fe04f035f0e983dbbeaa886075d0857d6
deploy-smoke.toml	1789582071	a28b826030a2f1ebc0f68b2557f4145db7669e47
deploy-static.toml	1789575001	91858a87a120c91007ef7c64eb7198f56de25199
deploy-user-service.toml	1789575001	710c9e1d858a12c14b536b3a06528f3a3054442f
deploy-user-service.toml	1789580639	e57708728e3b8d391e5449b6fae6d1650a3526dd
deploy-user-service.toml	1790598996	89a9044b542ef3b621aacc691a78589101dace30
diff-size.toml	1789437821	6f43dcc1c7f6627c76714da4f96542c7e8646636
docs.toml	1789437821	dd95ede1c5bdff3eec62da559e75299b6aa4da93
document.toml	1789437821	d8721bb1000f7ff3bb93ec33f51b8794da7fd468
egress-probe.toml	1790021559	bb33c09973d101bbcc27b9ea5b68adb85e339c12
fix.toml	1789437821	7c6dfccc001dcaacef77313a54ac729913ba2f9e
fix.toml	1789571641	981b7ae6885e9fcd0706cfefab825e61c33348e6
fmt.toml	1789437821	3f02b99720a5ec4955b97b6dc6e7886aa49bd30c
graph-check.toml	1789437821	aec36435485da2f1bfc22684faa270a049cfbcfe
graph.toml	1789437821	3b18d985488edfc412e3447c02bab6e7ebe8a338
http-post.toml	1789663790	a908e29b3292902dc6424041ce6149d5159b1130
interface.toml	1789437821	7ebe0cc9644929f58a15ec3ce87a27e0921d8ba2
interview.toml	1789584425	47bafca02f1b790c1062b7b1a8647c4e65faf379
investigate.toml	1789437821	ae8532d922200d21a6050bb761050f7769703d14
playwright.toml	1789437821	f40e6c425b258e2879cda3c97476b5327a938445
polish.toml	1789437821	ca9aabd190515659e5d304e39fcafd0db89be5bf
provision-hetzner.toml	1789584586	8271974f265365db8a513c80b8adf07df4d8a156
repo-graph.toml	1790059703	7e15a4d8fe7d546b570e4aa371fcb4089f58af66
repo-map.toml	1789437821	ff0168bf97aff44f702265c0a96dd703d2886b85
repo-map.toml	1790093530	bc1b64736205e7d8fff42b19a739a0627f90c471
repo-map.toml	1790094534	a84e9c9405081955ac0538a2fd0a2a04c2d002f3
review.toml	1789437821	fe3f9aef95c9d9ebd66dd6dd2045398ac48001c7
send-signal.toml	1789663790	8ab18d200f02a216c2784a66ee57b3e975534436
send-sms.toml	1790103760	b78a332aae9a4269eeebc94bae700823d69e3f01
send-sms.toml	1790104051	cf012b1087b3e9c8e270c15677779fce41a04654
setup.toml	1789437821	e9baea8d7ef436a4efea09d7e4e635a1e20f6402
tests.toml	1789437821	b18a0b0a9693a57d1efca46b1a1250184f2a4aa3
write-file.toml	1789663790	81b7153c3a2e16da1403aa6f7cfe069b4bed40e4
